[{"name": "1CITIES & MEMORY 1", "size": 10, "imports": []}, {"name": "2CITIES & MEMORY 2", "size": 10, "imports": [{"target": "4CITIES & MEMORY 3", "topic": 4}, {"target": "7CITIES & MEMORY 4", "topic": 4}, {"target": "9CITIES & SIGNS 2", "topic": 4}, {"target": "16CITIES & DESIRE 5", "topic": 4}, {"target": "19TRADING CITIES 2", "topic": 4}, {"target": "49HIDDEN CITIES 2", "topic": 4}]}, {"name": "3CITIES & DESIRE 1", "size": 10, "imports": []}, {"name": "4CITIES & MEMORY 3", "size": 10, "imports": [{"target": "7CITIES & MEMORY 4", "topic": 4}, {"target": "9CITIES & SIGNS 2", "topic": 4}, {"target": "16CITIES & DESIRE 5", "topic": 4}, {"target": "19TRADING CITIES 2", "topic": 4}, {"target": "49HIDDEN CITIES 2", "topic": 4}]}, {"name": "5CITIES & DESIRE 2", "size": 10, "imports": []}, {"name": "6CITIES & SIGNS 1", "size": 10, "imports": [{"target": "8CITIES & DESIRE 3", "topic": 1}, {"target": "13CITIES & SIGNS 3", "topic": 1}, {"target": "15TRADING CITIES 1", "topic": 1}, {"target": "16CITIES & DESIRE 5", "topic": 1}, {"target": "17CITIES & SIGNS 4", "topic": 1}, {"target": "18THIN CITIES 3", "topic": 1}, {"target": "19TRADING CITIES 2", "topic": 1}, {"target": "21CITIES & SIGNS 5", "topic": 1}, {"target": "24CITIES & EYES 2", "topic": 1}, {"target": "26THIN CITIES 5", "topic": 1}, {"target": "28CITIES & EYES 3", "topic": 1}, {"target": "29CITIES & NAMES 2", "topic": 1}, {"target": "34CITIES & THE DEAD 2", "topic": 1}, {"target": "37CITIES & NAMES 4", "topic": 1}, {"target": "42CITIES & THE DEAD 4", "topic": 1}, {"target": "43CITIES & THE SKY 3", "topic": 1}, {"target": "47CITIES & THE SKY 4", "topic": 1}, {"target": "48CONTINUOUS CITIES 3", "topic": 1}, {"target": "49HIDDEN CITIES 2", "topic": 1}, {"target": "50CITIES & THE SKY 5", "topic": 1}, {"target": "51CONTINUOUS CITIES 4", "topic": 1}]}, {"name": "7CITIES & MEMORY 4", "size": 10, "imports": [{"target": "9CITIES & SIGNS 2", "topic": 4}, {"target": "16CITIES & DESIRE 5", "topic": 4}, {"target": "19TRADING CITIES 2", "topic": 4}, {"target": "49HIDDEN CITIES 2", "topic": 4}]}, {"name": "8CITIES & DESIRE 3", "size": 10, "imports": [{"target": "13CITIES & SIGNS 3", "topic": 1}, {"target": "15TRADING CITIES 1", "topic": 1}, {"target": "16CITIES & DESIRE 5", "topic": 1}, {"target": "17CITIES & SIGNS 4", "topic": 1}, {"target": "18THIN CITIES 3", "topic": 1}, {"target": "19TRADING CITIES 2", "topic": 1}, {"target": "21CITIES & SIGNS 5", "topic": 1}, {"target": "24CITIES & EYES 2", "topic": 1}, {"target": "26THIN CITIES 5", "topic": 1}, {"target": "28CITIES & EYES 3", "topic": 1}, {"target": "29CITIES & NAMES 2", "topic": 1}, {"target": "34CITIES & THE DEAD 2", "topic": 1}, {"target": "37CITIES & NAMES 4", "topic": 1}, {"target": "42CITIES & THE DEAD 4", "topic": 1}, {"target": "43CITIES & THE SKY 3", "topic": 1}, {"target": "47CITIES & THE SKY 4", "topic": 1}, {"target": "48CONTINUOUS CITIES 3", "topic": 1}, {"target": "49HIDDEN CITIES 2", "topic": 1}, {"target": "50CITIES & THE SKY 5", "topic": 1}, {"target": "51CONTINUOUS CITIES 4", "topic": 1}]}, {"name": "9CITIES & SIGNS 2", "size": 10, "imports": [{"target": "16CITIES & DESIRE 5", "topic": 4}, {"target": "19TRADING CITIES 2", "topic": 4}, {"target": "49HIDDEN CITIES 2", "topic": 4}]}, {"name": "10THIN CITIES 1", "size": 10, "imports": [{"target": "13CITIES & SIGNS 3", "topic": 8}, {"target": "17CITIES & SIGNS 4", "topic": 8}, {"target": "18THIN CITIES 3", "topic": 8}, {"target": "26THIN CITIES 5", "topic": 8}, {"target": "37CITIES & NAMES 4", "topic": 8}, {"target": "39CITIES & THE SKY 2", "topic": 8}, {"target": "40CONTINUOUS CITIES 1", "topic": 8}, {"target": "45HIDDEN CITIES 1", "topic": 8}, {"target": "51CONTINUOUS CITIES 4", "topic": 8}]}, {"name": "11CITIES & MEMORY 5", "size": 10, "imports": []}, {"name": "12CITIES & DESIRE 4", "size": 10, "imports": [{"target": "17CITIES & SIGNS 4", "topic": 3}, {"target": "23TRADING CITIES 3", "topic": 3}, {"target": "26THIN CITIES 5", "topic": 3}, {"target": "43CITIES & THE SKY 3", "topic": 3}, {"target": "44CONTINUOUS CITIES 2", "topic": 3}, {"target": "50CITIES & THE SKY 5", "topic": 3}, {"target": "51CONTINUOUS CITIES 4", "topic": 3}, {"target": "52HIDDEN CITIES 3", "topic": 3}, {"target": "53CONTINUOUS CITIES 5", "topic": 3}, {"target": "55HIDDEN CITIES 5", "topic": 3}]}, {"name": "13CITIES & SIGNS 3", "size": 10, "imports": [{"target": "17CITIES & SIGNS 4", "topic": 8}, {"target": "18THIN CITIES 3", "topic": 8}, {"target": "26THIN CITIES 5", "topic": 8}, {"target": "37CITIES & NAMES 4", "topic": 8}, {"target": "39CITIES & THE SKY 2", "topic": 8}, {"target": "40CONTINUOUS CITIES 1", "topic": 8}, {"target": "45HIDDEN CITIES 1", "topic": 8}, {"target": "51CONTINUOUS CITIES 4", "topic": 8}, {"target": "15TRADING CITIES 1", "topic": 1}, {"target": "16CITIES & DESIRE 5", "topic": 1}, {"target": "19TRADING CITIES 2", "topic": 1}, {"target": "21CITIES & SIGNS 5", "topic": 1}, {"target": "24CITIES & EYES 2", "topic": 1}, {"target": "28CITIES & EYES 3", "topic": 1}, {"target": "29CITIES & NAMES 2", "topic": 1}, {"target": "34CITIES & THE DEAD 2", "topic": 1}, {"target": "42CITIES & THE DEAD 4", "topic": 1}, {"target": "43CITIES & THE SKY 3", "topic": 1}, {"target": "47CITIES & THE SKY 4", "topic": 1}, {"target": "48CONTINUOUS CITIES 3", "topic": 1}, {"target": "49HIDDEN CITIES 2", "topic": 1}, {"target": "50CITIES & THE SKY 5", "topic": 1}]}, {"name": "14THIN CITIES 2", "size": 10, "imports": []}, {"name": "15TRADING CITIES 1", "size": 10, "imports": [{"target": "16CITIES & DESIRE 5", "topic": 1}, {"target": "17CITIES & SIGNS 4", "topic": 1}, {"target": "18THIN CITIES 3", "topic": 1}, {"target": "19TRADING CITIES 2", "topic": 1}, {"target": "21CITIES & SIGNS 5", "topic": 1}, {"target": "24CITIES & EYES 2", "topic": 1}, {"target": "26THIN CITIES 5", "topic": 1}, {"target": "28CITIES & EYES 3", "topic": 1}, {"target": "29CITIES & NAMES 2", "topic": 1}, {"target": "34CITIES & THE DEAD 2", "topic": 1}, {"target": "37CITIES & NAMES 4", "topic": 1}, {"target": "42CITIES & THE DEAD 4", "topic": 1}, {"target": "43CITIES & THE SKY 3", "topic": 1}, {"target": "47CITIES & THE SKY 4", "topic": 1}, {"target": "48CONTINUOUS CITIES 3", "topic": 1}, {"target": "49HIDDEN CITIES 2", "topic": 1}, {"target": "50CITIES & THE SKY 5", "topic": 1}, {"target": "51CONTINUOUS CITIES 4", "topic": 1}]}, {"name": "16CITIES & DESIRE 5", "size": 10, "imports": [{"target": "17CITIES & SIGNS 4", "topic": 1}, {"target": "18THIN CITIES 3", "topic": 1}, {"target": "19TRADING CITIES 2", "topic": 1}, {"target": "21CITIES & SIGNS 5", "topic": 1}, {"target": "24CITIES & EYES 2", "topic": 1}, {"target": "26THIN CITIES 5", "topic": 1}, {"target": "28CITIES & EYES 3", "topic": 1}, {"target": "29CITIES & NAMES 2", "topic": 1}, {"target": "34CITIES & THE DEAD 2", "topic": 1}, {"target": "37CITIES & NAMES 4", "topic": 1}, {"target": "42CITIES & THE DEAD 4", "topic": 1}, {"target": "43CITIES & THE SKY 3", "topic": 1}, {"target": "47CITIES & THE SKY 4", "topic": 1}, {"target": "48CONTINUOUS CITIES 3", "topic": 1}, {"target": "49HIDDEN CITIES 2", "topic": 1}, {"target": "50CITIES & THE SKY 5", "topic": 1}, {"target": "51CONTINUOUS CITIES 4", "topic": 1}]}, {"name": "17CITIES & SIGNS 4", "size": 10, "imports": [{"target": "18THIN CITIES 3", "topic": 8}, {"target": "26THIN CITIES 5", "topic": 8}, {"target": "37CITIES & NAMES 4", "topic": 8}, {"target": "39CITIES & THE SKY 2", "topic": 8}, {"target": "40CONTINUOUS CITIES 1", "topic": 8}, {"target": "45HIDDEN CITIES 1", "topic": 8}, {"target": "51CONTINUOUS CITIES 4", "topic": 8}, {"target": "19TRADING CITIES 2", "topic": 1}, {"target": "21CITIES & SIGNS 5", "topic": 1}, {"target": "24CITIES & EYES 2", "topic": 1}, {"target": "28CITIES & EYES 3", "topic": 1}, {"target": "29CITIES & NAMES 2", "topic": 1}, {"target": "34CITIES & THE DEAD 2", "topic": 1}, {"target": "42CITIES & THE DEAD 4", "topic": 1}, {"target": "43CITIES & THE SKY 3", "topic": 1}, {"target": "47CITIES & THE SKY 4", "topic": 1}, {"target": "48CONTINUOUS CITIES 3", "topic": 1}, {"target": "49HIDDEN CITIES 2", "topic": 1}, {"target": "50CITIES & THE SKY 5", "topic": 1}, {"target": "23TRADING CITIES 3", "topic": 3}, {"target": "44CONTINUOUS CITIES 2", "topic": 3}, {"target": "52HIDDEN CITIES 3", "topic": 3}, {"target": "53CONTINUOUS CITIES 5", "topic": 3}, {"target": "55HIDDEN CITIES 5", "topic": 3}]}, {"name": "18THIN CITIES 3", "size": 10, "imports": [{"target": "19TRADING CITIES 2", "topic": 1}, {"target": "21CITIES & SIGNS 5", "topic": 1}, {"target": "24CITIES & EYES 2", "topic": 1}, {"target": "26THIN CITIES 5", "topic": 1}, {"target": "28CITIES & EYES 3", "topic": 1}, {"target": "29CITIES & NAMES 2", "topic": 1}, {"target": "34CITIES & THE DEAD 2", "topic": 1}, {"target": "37CITIES & NAMES 4", "topic": 1}, {"target": "42CITIES & THE DEAD 4", "topic": 1}, {"target": "43CITIES & THE SKY 3", "topic": 1}, {"target": "47CITIES & THE SKY 4", "topic": 1}, {"target": "48CONTINUOUS CITIES 3", "topic": 1}, {"target": "49HIDDEN CITIES 2", "topic": 1}, {"target": "50CITIES & THE SKY 5", "topic": 1}, {"target": "51CONTINUOUS CITIES 4", "topic": 1}, {"target": "52HIDDEN CITIES 3", "topic": 6}, {"target": "54HIDDEN CITIES 4", "topic": 6}, {"target": "39CITIES & THE SKY 2", "topic": 8}, {"target": "40CONTINUOUS CITIES 1", "topic": 8}, {"target": "45HIDDEN CITIES 1", "topic": 8}]}, {"name": "19TRADING CITIES 2", "size": 10, "imports": [{"target": "21CITIES & SIGNS 5", "topic": 1}, {"target": "24CITIES & EYES 2", "topic": 1}, {"target": "26THIN CITIES 5", "topic": 1}, {"target": "28CITIES & EYES 3", "topic": 1}, {"target": "29CITIES & NAMES 2", "topic": 1}, {"target": "34CITIES & THE DEAD 2", "topic": 1}, {"target": "37CITIES & NAMES 4", "topic": 1}, {"target": "42CITIES & THE DEAD 4", "topic": 1}, {"target": "43CITIES & THE SKY 3", "topic": 1}, {"target": "47CITIES & THE SKY 4", "topic": 1}, {"target": "48CONTINUOUS CITIES 3", "topic": 1}, {"target": "49HIDDEN CITIES 2", "topic": 1}, {"target": "50CITIES & THE SKY 5", "topic": 1}, {"target": "51CONTINUOUS CITIES 4", "topic": 1}]}, {"name": "20CITIES & EYES 1", "size": 10, "imports": []}, {"name": "21CITIES & SIGNS 5", "size": 10, "imports": [{"target": "24CITIES & EYES 2", "topic": 1}, {"target": "26THIN CITIES 5", "topic": 1}, {"target": "28CITIES & EYES 3", "topic": 1}, {"target": "29CITIES & NAMES 2", "topic": 1}, {"target": "34CITIES & THE DEAD 2", "topic": 1}, {"target": "37CITIES & NAMES 4", "topic": 1}, {"target": "42CITIES & THE DEAD 4", "topic": 1}, {"target": "43CITIES & THE SKY 3", "topic": 1}, {"target": "47CITIES & THE SKY 4", "topic": 1}, {"target": "48CONTINUOUS CITIES 3", "topic": 1}, {"target": "49HIDDEN CITIES 2", "topic": 1}, {"target": "50CITIES & THE SKY 5", "topic": 1}, {"target": "51CONTINUOUS CITIES 4", "topic": 1}]}, {"name": "22THIN CITIES 4", "size": 10, "imports": []}, {"name": "23TRADING CITIES 3", "size": 10, "imports": [{"target": "25CITIES & NAMES 1", "topic": 2}, {"target": "28CITIES & EYES 3", "topic": 2}, {"target": "35CITIES & THE SKY 1", "topic": 2}, {"target": "39CITIES & THE SKY 2", "topic": 2}, {"target": "42CITIES & THE DEAD 4", "topic": 2}, {"target": "43CITIES & THE SKY 3", "topic": 2}, {"target": "47CITIES & THE SKY 4", "topic": 2}, {"target": "50CITIES & THE SKY 5", "topic": 2}, {"target": "52HIDDEN CITIES 3", "topic": 2}, {"target": "26THIN CITIES 5", "topic": 3}, {"target": "44CONTINUOUS CITIES 2", "topic": 3}, {"target": "51CONTINUOUS CITIES 4", "topic": 3}, {"target": "53CONTINUOUS CITIES 5", "topic": 3}, {"target": "55HIDDEN CITIES 5", "topic": 3}, {"target": "38CITIES & THE DEAD 3", "topic": 7}]}, {"name": "24CITIES & EYES 2", "size": 10, "imports": [{"target": "26THIN CITIES 5", "topic": 1}, {"target": "28CITIES & EYES 3", "topic": 1}, {"target": "29CITIES & NAMES 2", "topic": 1}, {"target": "34CITIES & THE DEAD 2", "topic": 1}, {"target": "37CITIES & NAMES 4", "topic": 1}, {"target": "42CITIES & THE DEAD 4", "topic": 1}, {"target": "43CITIES & THE SKY 3", "topic": 1}, {"target": "47CITIES & THE SKY 4", "topic": 1}, {"target": "48CONTINUOUS CITIES 3", "topic": 1}, {"target": "49HIDDEN CITIES 2", "topic": 1}, {"target": "50CITIES & THE SKY 5", "topic": 1}, {"target": "51CONTINUOUS CITIES 4", "topic": 1}]}, {"name": "25CITIES & NAMES 1", "size": 10, "imports": [{"target": "28CITIES & EYES 3", "topic": 2}, {"target": "35CITIES & THE SKY 1", "topic": 2}, {"target": "39CITIES & THE SKY 2", "topic": 2}, {"target": "42CITIES & THE DEAD 4", "topic": 2}, {"target": "43CITIES & THE SKY 3", "topic": 2}, {"target": "47CITIES & THE SKY 4", "topic": 2}, {"target": "50CITIES & THE SKY 5", "topic": 2}, {"target": "52HIDDEN CITIES 3", "topic": 2}]}, {"name": "26THIN CITIES 5", "size": 10, "imports": [{"target": "28CITIES & EYES 3", "topic": 1}, {"target": "29CITIES & NAMES 2", "topic": 1}, {"target": "34CITIES & THE DEAD 2", "topic": 1}, {"target": "37CITIES & NAMES 4", "topic": 1}, {"target": "42CITIES & THE DEAD 4", "topic": 1}, {"target": "43CITIES & THE SKY 3", "topic": 1}, {"target": "47CITIES & THE SKY 4", "topic": 1}, {"target": "48CONTINUOUS CITIES 3", "topic": 1}, {"target": "49HIDDEN CITIES 2", "topic": 1}, {"target": "50CITIES & THE SKY 5", "topic": 1}, {"target": "51CONTINUOUS CITIES 4", "topic": 1}, {"target": "44CONTINUOUS CITIES 2", "topic": 3}, {"target": "52HIDDEN CITIES 3", "topic": 3}, {"target": "53CONTINUOUS CITIES 5", "topic": 3}, {"target": "55HIDDEN CITIES 5", "topic": 3}, {"target": "39CITIES & THE SKY 2", "topic": 8}, {"target": "40CONTINUOUS CITIES 1", "topic": 8}, {"target": "45HIDDEN CITIES 1", "topic": 8}]}, {"name": "27TRADING CITIES 4", "size": 10, "imports": []}, {"name": "28CITIES & EYES 3", "size": 10, "imports": [{"target": "29CITIES & NAMES 2", "topic": 1}, {"target": "34CITIES & THE DEAD 2", "topic": 1}, {"target": "37CITIES & NAMES 4", "topic": 1}, {"target": "42CITIES & THE DEAD 4", "topic": 1}, {"target": "43CITIES & THE SKY 3", "topic": 1}, {"target": "47CITIES & THE SKY 4", "topic": 1}, {"target": "48CONTINUOUS CITIES 3", "topic": 1}, {"target": "49HIDDEN CITIES 2", "topic": 1}, {"target": "50CITIES & THE SKY 5", "topic": 1}, {"target": "51CONTINUOUS CITIES 4", "topic": 1}, {"target": "35CITIES & THE SKY 1", "topic": 2}, {"target": "39CITIES & THE SKY 2", "topic": 2}, {"target": "52HIDDEN CITIES 3", "topic": 2}]}, {"name": "29CITIES & NAMES 2", "size": 10, "imports": [{"target": "34CITIES & THE DEAD 2", "topic": 1}, {"target": "37CITIES & NAMES 4", "topic": 1}, {"target": "42CITIES & THE DEAD 4", "topic": 1}, {"target": "43CITIES & THE SKY 3", "topic": 1}, {"target": "47CITIES & THE SKY 4", "topic": 1}, {"target": "48CONTINUOUS CITIES 3", "topic": 1}, {"target": "49HIDDEN CITIES 2", "topic": 1}, {"target": "50CITIES & THE SKY 5", "topic": 1}, {"target": "51CONTINUOUS CITIES 4", "topic": 1}, {"target": "52HIDDEN CITIES 3", "topic": 6}, {"target": "54HIDDEN CITIES 4", "topic": 6}]}, {"name": "30CITIES & THE DEAD 1", "size": 10, "imports": []}, {"name": "31TRADING CITIES 5", "size": 10, "imports": []}, {"name": "32CITIES & EYES 4", "size": 10, "imports": []}, {"name": "33CITIES & NAMES 3", "size": 10, "imports": []}, {"name": "34CITIES & THE DEAD 2", "size": 10, "imports": [{"target": "37CITIES & NAMES 4", "topic": 1}, {"target": "42CITIES & THE DEAD 4", "topic": 1}, {"target": "43CITIES & THE SKY 3", "topic": 1}, {"target": "47CITIES & THE SKY 4", "topic": 1}, {"target": "48CONTINUOUS CITIES 3", "topic": 1}, {"target": "49HIDDEN CITIES 2", "topic": 1}, {"target": "50CITIES & THE SKY 5", "topic": 1}, {"target": "51CONTINUOUS CITIES 4", "topic": 1}]}, {"name": "35CITIES & THE SKY 1", "size": 10, "imports": [{"target": "39CITIES & THE SKY 2", "topic": 2}, {"target": "42CITIES & THE DEAD 4", "topic": 2}, {"target": "43CITIES & THE SKY 3", "topic": 2}, {"target": "47CITIES & THE SKY 4", "topic": 2}, {"target": "50CITIES & THE SKY 5", "topic": 2}, {"target": "52HIDDEN CITIES 3", "topic": 2}, {"target": "38CITIES & THE DEAD 3", "topic": 7}]}, {"name": "36CITIES & EYES 5", "size": 10, "imports": []}, {"name": "37CITIES & NAMES 4", "size": 10, "imports": [{"target": "42CITIES & THE DEAD 4", "topic": 1}, {"target": "43CITIES & THE SKY 3", "topic": 1}, {"target": "47CITIES & THE SKY 4", "topic": 1}, {"target": "48CONTINUOUS CITIES 3", "topic": 1}, {"target": "49HIDDEN CITIES 2", "topic": 1}, {"target": "50CITIES & THE SKY 5", "topic": 1}, {"target": "51CONTINUOUS CITIES 4", "topic": 1}, {"target": "52HIDDEN CITIES 3", "topic": 6}, {"target": "54HIDDEN CITIES 4", "topic": 6}, {"target": "39CITIES & THE SKY 2", "topic": 8}, {"target": "40CONTINUOUS CITIES 1", "topic": 8}, {"target": "45HIDDEN CITIES 1", "topic": 8}]}, {"name": "38CITIES & THE DEAD 3", "size": 10, "imports": [{"target": "46CITIES & THE DEAD 5", "topic": 5}, {"target": "54HIDDEN CITIES 4", "topic": 5}]}, {"name": "39CITIES & THE SKY 2", "size": 10, "imports": [{"target": "40CONTINUOUS CITIES 1", "topic": 8}, {"target": "45HIDDEN CITIES 1", "topic": 8}, {"target": "51CONTINUOUS CITIES 4", "topic": 8}, {"target": "42CITIES & THE DEAD 4", "topic": 2}, {"target": "43CITIES & THE SKY 3", "topic": 2}, {"target": "47CITIES & THE SKY 4", "topic": 2}, {"target": "50CITIES & THE SKY 5", "topic": 2}, {"target": "52HIDDEN CITIES 3", "topic": 2}]}, {"name": "40CONTINUOUS CITIES 1", "size": 10, "imports": [{"target": "45HIDDEN CITIES 1", "topic": 8}, {"target": "51CONTINUOUS CITIES 4", "topic": 8}]}, {"name": "41CITIES & NAMES 5", "size": 10, "imports": []}, {"name": "42CITIES & THE DEAD 4", "size": 10, "imports": [{"target": "43CITIES & THE SKY 3", "topic": 1}, {"target": "47CITIES & THE SKY 4", "topic": 1}, {"target": "48CONTINUOUS CITIES 3", "topic": 1}, {"target": "49HIDDEN CITIES 2", "topic": 1}, {"target": "50CITIES & THE SKY 5", "topic": 1}, {"target": "51CONTINUOUS CITIES 4", "topic": 1}, {"target": "52HIDDEN CITIES 3", "topic": 2}]}, {"name": "43CITIES & THE SKY 3", "size": 10, "imports": [{"target": "47CITIES & THE SKY 4", "topic": 1}, {"target": "48CONTINUOUS CITIES 3", "topic": 1}, {"target": "49HIDDEN CITIES 2", "topic": 1}, {"target": "50CITIES & THE SKY 5", "topic": 1}, {"target": "51CONTINUOUS CITIES 4", "topic": 1}, {"target": "52HIDDEN CITIES 3", "topic": 2}, {"target": "44CONTINUOUS CITIES 2", "topic": 3}, {"target": "53CONTINUOUS CITIES 5", "topic": 3}, {"target": "55HIDDEN CITIES 5", "topic": 3}]}, {"name": "44CONTINUOUS CITIES 2", "size": 10, "imports": [{"target": "50CITIES & THE SKY 5", "topic": 3}, {"target": "51CONTINUOUS CITIES 4", "topic": 3}, {"target": "52HIDDEN CITIES 3", "topic": 3}, {"target": "53CONTINUOUS CITIES 5", "topic": 3}, {"target": "55HIDDEN CITIES 5", "topic": 3}]}, {"name": "45HIDDEN CITIES 1", "size": 10, "imports": [{"target": "51CONTINUOUS CITIES 4", "topic": 8}]}, {"name": "46CITIES & THE DEAD 5", "size": 10, "imports": [{"target": "54HIDDEN CITIES 4", "topic": 5}]}, {"name": "47CITIES & THE SKY 4", "size": 10, "imports": [{"target": "48CONTINUOUS CITIES 3", "topic": 1}, {"target": "49HIDDEN CITIES 2", "topic": 1}, {"target": "50CITIES & THE SKY 5", "topic": 1}, {"target": "51CONTINUOUS CITIES 4", "topic": 1}, {"target": "52HIDDEN CITIES 3", "topic": 2}]}, {"name": "48CONTINUOUS CITIES 3", "size": 10, "imports": [{"target": "49HIDDEN CITIES 2", "topic": 1}, {"target": "50CITIES & THE SKY 5", "topic": 1}, {"target": "51CONTINUOUS CITIES 4", "topic": 1}]}, {"name": "49HIDDEN CITIES 2", "size": 10, "imports": [{"target": "50CITIES & THE SKY 5", "topic": 1}, {"target": "51CONTINUOUS CITIES 4", "topic": 1}]}, {"name": "50CITIES & THE SKY 5", "size": 10, "imports": [{"target": "51CONTINUOUS CITIES 4", "topic": 1}, {"target": "52HIDDEN CITIES 3", "topic": 2}, {"target": "53CONTINUOUS CITIES 5", "topic": 3}, {"target": "55HIDDEN CITIES 5", "topic": 3}]}, {"name": "51CONTINUOUS CITIES 4", "size": 10, "imports": [{"target": "52HIDDEN CITIES 3", "topic": 3}, {"target": "53CONTINUOUS CITIES 5", "topic": 3}, {"target": "55HIDDEN CITIES 5", "topic": 3}]}, {"name": "52HIDDEN CITIES 3", "size": 10, "imports": [{"target": "53CONTINUOUS CITIES 5", "topic": 3}, {"target": "55HIDDEN CITIES 5", "topic": 3}, {"target": "54HIDDEN CITIES 4", "topic": 6}]}, {"name": "53CONTINUOUS CITIES 5", "size": 10, "imports": [{"target": "55HIDDEN CITIES 5", "topic": 3}]}, {"name": "54HIDDEN CITIES 4", "size": 10, "imports": []}, {"name": "55HIDDEN CITIES 5", "size": 10, "imports": []}]